{
  "config": "https://docs.aws.amazon.com/serverless-application-model/latest/developerguide/serverless-sam-cli-config.html",
  "build": "https://docs.aws.amazon.com/serverless-application-model/latest/developerguide/sam-cli-command-reference-sam-build.html",
  "local": "https://docs.aws.amazon.com/serverless-application-model/latest/developerguide/serverless-test-and-debug.html",
  "local invoke": "https://docs.aws.amazon.com/serverless-application-model/latest/developerguide/sam-cli-command-reference-sam-local-invoke.html",
  "local start-api": "https://docs.aws.amazon.com/serverless-application-model/latest/developerguide/sam-cli-command-reference-sam-local-start-api.html",
  "local start-lambda": "https://docs.aws.amazon.com/serverless-application-model/latest/developerguide/sam-cli-command-reference-sam-local-start-lambda.html",
  "list": "https://docs.aws.amazon.com/serverless-application-model/latest/developerguide/sam-cli-command-reference-sam-list.html",
  "list stack-outputs": "https://docs.aws.amazon.com/serverless-application-model/latest/developerguide/sam-cli-command-reference-sam-list-stack-outputs.html",
  "list endpoints": "https://docs.aws.amazon.com/serverless-application-model/latest/developerguide/sam-cli-command-reference-sam-list-endpoints.html",
  "list resources": "https://docs.aws.amazon.com/serverless-application-model/latest/developerguide/sam-cli-command-reference-sam-list-resources.html",
  "deploy": "https://docs.aws.amazon.com/serverless-application-model/latest/developerguide/sam-cli-command-reference-sam-delete.html",
  "package": "https://docs.aws.amazon.com/serverless-application-model/latest/developerguide/sam-cli-command-reference-sam-package.html",
  "delete": "https://docs.aws.amazon.com/serverless-application-model/latest/developerguide/sam-cli-command-reference-sam-delete.html",
  "sync": "https://docs.aws.amazon.com/serverless-application-model/latest/developerguide/sam-cli-command-reference-sam-sync.html",
  "publish": "https://docs.aws.amazon.com/serverless-application-model/latest/developerguide/sam-cli-command-reference-sam-publish.html",
  "validate": "https://docs.aws.amazon.com/serverless-application-model/latest/developerguide/sam-cli-command-reference-sam-validate.html",
  "init": "https://docs.aws.amazon.com/serverless-application-model/latest/developerguide/sam-cli-command-reference-sam-init.html",
  "logs": "https://docs.aws.amazon.com/serverless-application-model/latest/developerguide/sam-cli-command-reference-sam-logs.html",
  "traces": "https://docs.aws.amazon.com/serverless-application-model/latest/developerguide/sam-cli-command-reference-sam-traces.html"
}